"","hostnames","hostcount"
"1423","Gabriela de Queiroz",49
"1199","liilia",45
"1518","Audrey McCombs",39
"716","Bea Hernández",29
"897","Marianna Foos",29
"718","Inés Huertas",28
"989","Caitlin Hudon",28
"717","Leticia Martín-Fuertes",26
"275","Hazel Kavılı",24
"937","Sheila Saia",23
"172","Riva Quiroga",22
"208","R-Ladies London, Ontario",22
"412","Alice W",22
"591","Ezgi Karaesmen",22
"857","Soumya Kalra",22
"1041","Kelly O",22
"1278","Alexandra",22
"803","Christina Knudson",21
"1153","Przemyslaw Biecek",21
"120","Jo Nieć",20
"408","Karla",20
"629","Windhager-Pokol Eszter",20
"1498","Samantha Tyner",20
"310","Page Piccinini",19
"354","Christin Zasada",19
"410","Amy Goodwin Davies",19
"1082","Kristen Chan",19
"231","Pamela M",18
"420","Katerina Placek",18
"513","Angela Li",18
"1287","Anna Quaglieri",18
"1","Erica_Yu",17
"3","Parvane Sh",17
"63","Megan Beckett",16
"140","Jen",16
"631","Zsuzsanna Szabó-Krausz",16
"653","Ágnes Salánki",16
"1277","Göknur",16
"409","Darina",15
"1204","Tamuna Margievi",15
"514","Amy Yang",14
"808","Kierstin Catlett",14
"353","Hanna",13
"511","Katherine Simeon",13
"636","Böjte Berta",13
"991","R-Ladies Austin",13
"1132","Chiayi Yen",13
"1152","Olga",13
"590","Katie Sasso",12
"1087","Ning/Ivy Chen",12
"173","Gaby Sandoval",11
"355","Noa Tamir",11
"648","Rita Klein",11
"963","Mine Cetinkaya-Rundel",11
"1037","Gwynn Sturdevant",11
"1149","MarcinKosinski",11
"45","R-Ladies Orlando",10
"299","Juliana Capitanio",10
"510","Ola",10
"40","Kathy Joshi",9
"111","Katie Scranton",9
"326","Megan Chang",9
"844","Jackie",9
"1283","Sepideh",9
"1286","Soroor",9
"1373","Kasia ",9
"1442","Ciera Martinez",9
"67","Wiebke Toussaint",8
"241","Chaya Jones",8
"1376","Grace Meyer",8
"1445","Erin LeDell",8
"104","Katie Leap",7
"244","Rachael Tatman",7
"543","Anne Carroll",7
"862","Gabriela Hempfling",7
"988","Victoria Valencia",7
"1280","Marie Trussart",7
"1325","Saskia Freytag",7
"74","Theoni Photopoulou",6
"151","Danielle Navarro",6
"232","Monica Gerber",6
"300","EP",6
"351","Olena Smotrova",6
"1064","Anna Yakovleva",6
"1303","Roxane Legaie",6
"1377","Claudia Vitolo",6
"1507","Tesia Posekany",6
"146","Lisa Williams",5
"492","Katie",5
"552","Abhinaya Konduru",5
"858","Emily Robinson ",5
"966","Elaine McVey",5
"1088","Huai-Wen Mia Chang",5
"1259","Anano",5
"1261","Nino Macharashvili",5
"1382","Hannah",5
"1393","Erle Holgersen",5
"301","Viola Glenn",4
"350","Lisa Reiber",4
"576","Amanda Dobbyn",4
"630","Gerda Lukács",4
"901","Mena",4
"912","Ivana",4
"943","Rolliene Mallari",4
"1066","Christina Brady",4
"1081","Angie",4
"1090","Pei Lee",4
"1374","Emma Vestesson",4
"1426","saishruthi swaminathan",4
"66","Jodie R.",3
"98","Amy Tzu-Yu Chen",3
"99","Amanda Tilot",3
"239","Marie",3
"363","Elizaveta Zinovyeva",3
"512","Scarlett Winters",3
"530","Caroline K. Williams",3
"632","Eszter Pázmándi",3
"715","Elen Irazabal",3
"802","Katie Jolly",3
"856","Brooke Watson",3
"903","Phoebe Wong",3
"941","Ezinne Nwankwo",3
"1169","Natalia P.",3
"1253","Alessandra Moriarty",3
"1380","Fiona Spooner",3
"1424","Brett",3
"1528","JD Campbell",3
"2","Otho",2
"42","Susan Scrupski",2
"54","Vanessa Eaton",2
"193","Soledad Andrea Araya Orrego",2
"391","Ulrike",2
"596","Amanda Gadrow",2
"807","Fiona Lodge",2
"855","Emily Dodwell",2
"1119","Dana Huang",2
"1151","Alicja Gosiewska",2
"1215","David Sichinava",2
"1269","Tako Gabaidze",2
"1412","Victoria Carr",2
"1413","R-Ladies London",2
"7","Andrea Boneschi",1
"12","Kristina Khvatova",1
"17","Thais Lima",1
"68","Celina Lee",1
"78","Eli Grant",1
"143","Sarah R",1
"144","Emi Tanaka",1
"147","Heidi Han",1
"148","Jennifer Sloane",1
"168","Steph de Silva",1
"174","Stefanni Cavaletto",1
"230","Isabella",1
"258","Liz Kellogg",1
"274","Hande Bitrim",1
"328","Liesel Spangler",1
"338","Kylie Curtis",1
"339","Corey C.",1
"417","Chun Su",1
"467","Mary Lennon",1
"516","Sushmita V Gopalan",1
"525","Emily Elizabeth Riederer",1
"582","Stephanie",1
"597","B Moreland",1
"601","Genelle Denzin",1
"620","Jim Hughes",1
"655","Tamara Bihari",1
"657","Arató Bence",1
"674","Czeller Ildikó",1
"728","Virginia Peon",1
"805","Lisa",1
"826","Heather Lendway",1
"853","Rika Gorn",1
"854","Elizabeth Sweeney",1
"859","Ludmila Janda",1
"864","Joyce Robbins",1
"886","Birunda Chelliah",1
"938","Joan Combs Durso",1
"939","Joyce Cahoon",1
"947","Talqa",1
"962","Khai Zaw",1
"1017","Emily Bartha",1
"1080","Pri Oberoi",1
"1083","Summit Suen",1
"1085","邱宏瑋",1
"1089","Frank Lin",1
"1095","Eric Shangkuan",1
"1099","Claire Tsao",1
"1103","Rachael Pai",1
"1107","Szu-ying Lee",1
"1109","Yi-Fan",1
"1128","Mindy Huang",1
"1276","Nikki Rubinstein",1
"1291","Fiona Milne",1
"1322","Di Cook",1
"1392","Teresa Del Bianco",1
"1415","Dawn",1
"1418","Louise Usher",1
"1422","Rachel",1
"1440","Olivia Chen",1
"1495","T. Libman",1
"1512","Heike Hofmann",1
"1554","Andeek",1
"1567","Natalia da Silva",1
